[
  {
    "sha": "500522dcb2b532a8dc2d78a75a8ba1afd8c228fd",
    "commit": {
      "author": {
        "name": "Louis Rose",
        "email": "louis@cs.york.ac.uk",
        "date": "2011-04-16T16:10:50Z"
      },
      "committer": {
        "name": "Louis Rose",
        "email": "louis@cs.york.ac.uk",
        "date": "2011-04-16T16:10:50Z"
      },
      "message": "Initial commit.",
      "tree": {
        "sha": "58e572b6f0132c6dcff71b13a8a7ff93cbb6efdd",
        "url": "https://api.github.com/repos/louismrose/Epsilon-CLI/git/trees/58e572b6f0132c6dcff71b13a8a7ff93cbb6efdd"
      },
      "url": "https://api.github.com/repos/louismrose/Epsilon-CLI/git/commits/500522dcb2b532a8dc2d78a75a8ba1afd8c228fd",
      "comment_count": 0
    },
    "url": "https://api.github.com/repos/louismrose/Epsilon-CLI/commits/500522dcb2b532a8dc2d78a75a8ba1afd8c228fd",
    "html_url": "https://github.com/louismrose/Epsilon-CLI/commit/500522dcb2b532a8dc2d78a75a8ba1afd8c228fd",
    "comments_url": "https://api.github.com/repos/louismrose/Epsilon-CLI/commits/500522dcb2b532a8dc2d78a75a8ba1afd8c228fd/comments",
    "author": null,
    "committer": null,
    "parents": [

    ]
  }
]
