{
  "swagger": "2.0",
  "schemes": [
    "http"
  ],
  "host": "localhost:8080",
  "basePath": "/",
  "info": {
    "description": "This is a test API, only for demonstration of the generator.",
    "termsOfService": "",
    "title": "TestAPI",
    "version": "v1"
  },
  "consumes": [
    "application/json"
  ],
  "produces": [
    "application/json"
  ],
  "securityDefinitions": {
    
  },
  "paths": {
    "/square/{number}": {
      "get": {
        "description": "Square a number.",
        "parameters": [
          {
            "description": "The number to be squared",
            "in": "path",
            "name": "number",
            "required": true,
            "type": "integer"
          }
        ],
        "responses": {
          "200": {
            "description": "OK",
            "schema": {
              "$ref": "#/definitions/NumberValue"
            }
          }
        }
      }
    }
  },
  "definitions": {
    "NumberValue": {
      "properties": {
        "squared": {
          "type": "integer"
        }
      },
      "type": "object"
    }
  }
}